title,image,author,audioUrls
Ecommerce Conversations  by Practical Ecommerce,http://is4.mzstatic.com/image/thumb/Music6/v4/81/e6/c0/81e6c012-4521-f8df-6f0c-1439985ae4f0/source/600x600bb.jpg,Practical Ecommerce,http://allcrimenocattle.podbean.com/mf/feed/ry2472/S1E2_-_Northside_Patricide_edited_final_.mp3
Eat Sleep Code Podcast,http://is4.mzstatic.com/image/thumb/Music71/v4/e4/dd/92/e4dd9259-bca2-8b89-adac-07de06839762/source/600x600bb.jpg,Telerik,http://allcrimenocattle.podbean.com/mf/feed/ttkw2z/S1E1_-_KFC_edited_final_.mp3
SoundtrackAlley,http://is5.mzstatic.com/image/thumb/Music71/v4/43/88/12/4388122e-226e-c59f-6d2d-88f7320f1aae/source/600x600bb.jpg,Randy Andrews,http://allcrimenocattle.podbean.com/mf/feed/edtt5w/Episode_Zero_take_two_edited_final_.mp3
The Tech M&A Podcast,http://is1.mzstatic.com/image/thumb/Music71/v4/67/90/5f/67905fc3-ccb6-3e71-bbd9-9f78a239afbe/source/600x600bb.jpg,Timothy Goddard,http://feeds.soundcloud.com/stream/372185558-user-673720264-rushing-down-mid-episode-16-aret-der-gik.mp3
The Tech Informist - For fans of Apple  Google  Microsoft & other technology,http://is4.mzstatic.com/image/thumb/Music62/v4/41/26/18/41261844-451b-a412-cd84-4f486051e62b/source/600x600bb.jpg,The Tech Informist,http://omnystudio.com/d/clips/88b564ea-a9a6-4751-910a-a5d800019396/ce873d40-0394-4d7f-a831-a7b2004a66be/9f0bfea8-e442-46a1-aab9-a85000278189/audio.mp3?utm_source=Podcast&in_playlist=4a04fa63-81ed-4279-9c90-a7b2004ae407
TechNative Podcasts,http://is4.mzstatic.com/image/thumb/Music111/v4/64/f7/8a/64f78ac6-df93-bc06-e0b8-2f546256a9eb/source/600x600bb.jpg,TechNative,http://omnystudio.com/d/clips/88b564ea-a9a6-4751-910a-a5d800019396/ce873d40-0394-4d7f-a831-a7b2004a66be/b43679cd-ae44-438c-b707-a85000211757/audio.mp3?utm_source=Podcast&in_playlist=4a04fa63-81ed-4279-9c90-a7b2004ae407
Sermons from Living Water Dayton,http://is5.mzstatic.com/image/thumb/Music71/v4/95/85/cb/9585cb39-5646-171e-e2a7-82d411226bb6/source/600x600bb.jpg,Living Water,https://www.podtrac.com/pts/redirect.mp3/streaming.carstuffshow.com/carstuff/2017-12-20-carstuff-pedestrian-safety-changes.mp3?awCollectionId=1001&awEpisodeId=929459
Social Media  Mobility  Analytics  Cloud: Tech Show! SMACtalk,http://is2.mzstatic.com/image/thumb/Music118/v4/f4/87/a3/f487a32a-f3c3-2ab3-cb84-c6a9762b0f73/source/600x600bb.jpg,Brian Fanzo & Daniel Newman,http://omnystudio.com/d/clips/88b564ea-a9a6-4751-910a-a5d800019396/ce873d40-0394-4d7f-a831-a7b2004a66be/deac7310-6095-4a7d-9af8-a8500014cb38/audio.mp3?utm_source=Podcast&in_playlist=4a04fa63-81ed-4279-9c90-a7b2004ae407
Radio Leo (Video LO),http://is4.mzstatic.com/image/thumb/Music71/v4/15/32/be/1532beba-7530-1ee9-6657-54349895d21d/source/600x600bb.jpg,Leo Laporte,https://omnystudio.com/d/clips/bc221f25-e512-4e20-b2da-a849017e4f89/8767f8ec-96f7-4da8-ac6c-a84a00a3525c/e1b51da1-cf3a-45d3-a6c6-a84e009c0b56/audio.mp3?utm_source=Podcast&in_playlist=a5a301f6-1cf7-46f3-beb5-a84a00bb8fe4
Digital India,http://is4.mzstatic.com/image/thumb/Music60/v4/ba/e7/74/bae774ef-eed6-0b0a-49c3-599339dde388/source/600x600bb.jpg,Digital India,https://omnystudio.com/d/clips/bc221f25-e512-4e20-b2da-a849017e4f89/8767f8ec-96f7-4da8-ac6c-a84a00a3525c/f7568991-8a99-4475-8719-a84a00f139dd/audio.mp3?utm_source=Podcast&in_playlist=a5a301f6-1cf7-46f3-beb5-a84a00bb8fe4
Digital Health Today,http://is1.mzstatic.com/image/thumb/Music118/v4/c6/f6/2a/c6f62a9d-a240-bb70-39af-6028acb99401/source/600x600bb.jpg,Dan Kendall,https://omnystudio.com/d/clips/bc221f25-e512-4e20-b2da-a849017e4f89/8767f8ec-96f7-4da8-ac6c-a84a00a3525c/3f834903-bfa0-436a-bf68-a84a00c05cd6/audio.mp3?utm_source=Podcast&in_playlist=a5a301f6-1cf7-46f3-beb5-a84a00bb8fe4
Drum and Bass Electronic Trap Dubstep Music / EDM Radio - DnB  Bass LIVE : Computers (Live) iTunes,http://is1.mzstatic.com/image/thumb/Music62/v4/dc/b8/59/dcb8592d-5979-4a48-b382-e28321137559/source/600x600bb.jpg,Citrusonic,https://omnystudio.com/d/clips/bc221f25-e512-4e20-b2da-a849017e4f89/8767f8ec-96f7-4da8-ac6c-a84a00a3525c/7cb7decb-25d9-49a7-8943-a84a00bc0693/audio.mp3?utm_source=Podcast&in_playlist=a5a301f6-1cf7-46f3-beb5-a84a00bb8fe4
Fire in the Hole Podcast,http://is2.mzstatic.com/image/thumb/Music62/v4/89/a8/24/89a8249b-2aec-420d-9ce4-d0dc3ba4cc8b/source/600x600bb.jpg,Richard and Jason,https://mp3.sermonaudio.com/filearea/1220171928810/1220171928810.mp3
Freedom Scientific FSCast,http://is5.mzstatic.com/image/thumb/Music71/v4/8d/b5/a9/8db5a904-e38f-d911-543c-6e68aa11aa82/source/600x600bb.jpg,Johnathan Mosen,https://mp3.sermonaudio.com/filearea/1220171945404/1220171945404.mp3
Far From.TV,http://is2.mzstatic.com/image/thumb/Music19/v4/b7/ae/76/b7ae76e7-c8fa-f572-31b7-5773d3c70dd9/source/600x600bb.jpg,Far From.TV,https://mp3.sermonaudio.com/filearea/1220171925396/1220171925396.mp3
FLOSS Weekly (Video HD),http://is4.mzstatic.com/image/thumb/Music71/v4/8f/ed/f1/8fedf16f-9cc6-977c-b359-fa40347b0be6/source/600x600bb.jpg,Leo Laporte,https://mp3.sermonaudio.com/filearea/1220171936353/1220171936353.mp3
This is Marketing Podcast,http://is2.mzstatic.com/image/thumb/Music118/v4/9d/80/bb/9d80bbbb-ab5f-f742-880f-aecf657555b4/source/600x600bb.jpg,Ross Morrone,https://mp3.sermonaudio.com/filearea/1220171934392/1220171934392.mp3
Paranoria TX,http://is2.mzstatic.com/image/thumb/Music122/v4/d7/dd/33/d7dd33e0-ef8a-48bb-990a-ff3f26a7fc52/source/600x600bb.jpg,George Jones,https://mp3.sermonaudio.com/filearea/122017192809/122017192809.mp3
Practical Operations Podcast Episode Feed,http://is3.mzstatic.com/image/thumb/Music71/v4/f0/1a/45/f01a45f4-172a-0a1e-e070-8c30140995e1/source/600x600bb.jpg,Breandan Dezendorf,https://mp3.sermonaudio.com/filearea/1220171929501/1220171929501.mp3
Packet Pushers - Weekly Show,http://is2.mzstatic.com/image/thumb/Music71/v4/52/6e/69/526e69c2-a54e-20aa-2c26-5399f7f78041/source/600x600bb.jpg,Greg Ferro& Ethan Banks,https://mp3.sermonaudio.com/filearea/1220171927548/1220171927548.mp3
Rocket,http://is5.mzstatic.com/image/thumb/Music71/v4/15/b4/40/15b440b0-1fa5-cb82-fa82-f7174a77e69a/source/600x600bb.jpg,Relay FM,https://mp3.sermonaudio.com/filearea/1220171923114/1220171923114.mp3
Roadshow Reviews (HQ),http://is4.mzstatic.com/image/thumb/Music122/v4/50/21/d6/5021d6f1-2149-e081-cf73-aafb6cbdc40d/source/600x600bb.jpg,Roadshow by CNET,https://mp3.sermonaudio.com/filearea/122017192359/122017192359.mp3
Roadshow Originals (HD),http://is1.mzstatic.com/image/thumb/Music122/v4/f9/cf/39/f9cf3902-79a7-6796-fbf5-d47da6c0cd6c/source/600x600bb.jpg,Roadshow by CNET,https://omnystudio.com/d/clips/bc221f25-e512-4e20-b2da-a849017e4f89/8767f8ec-96f7-4da8-ac6c-a84a00a3525c/ae2c35ed-ff08-405d-9134-a84f009f5728/audio.mp3?utm_source=Podcast&in_playlist=a5a301f6-1cf7-46f3-beb5-a84a00bb8fe4
Roadshow Reviews (HD),http://is2.mzstatic.com/image/thumb/Music122/v4/b5/0d/d2/b50dd201-97ba-e981-b0be-6bd1aa98abe1/source/600x600bb.jpg,Roadshow by CNET,https://omnystudio.com/d/clips/bc221f25-e512-4e20-b2da-a849017e4f89/8767f8ec-96f7-4da8-ac6c-a84a00a3525c/54c01de7-a303-4090-bd0e-a84f009e5f04/audio.mp3?utm_source=Podcast&in_playlist=a5a301f6-1cf7-46f3-beb5-a84a00bb8fe4
The MT Show,http://is4.mzstatic.com/image/thumb/Music/v4/4f/b1/2d/4fb12d6e-efb1-33d4-3337-cce894b2b722/source/600x600bb.jpg,Tim Staab,http://media.blubrry.com/italia_podcast/awr.org.s3.amazonaws.com/audio/europe/RVS-Italia/ITAFI/SAL/ITAFI_SALx_20171220_Diretta-Vita-e-Salute-bambini-e-alimentazione-errata-invidia-ladra-di-gioia-fake-news-latte-di-soia-dannoso-agli-uomini_12_11_2017.mp3
Two Guys Talking Wine,http://is5.mzstatic.com/image/thumb/Music71/v4/c7/32/54/c73254d5-32b0-b480-24da-575b285e0cb7/source/600x600bb.jpg,2 Guys Talking Wine,http://media.blubrry.com/italia_podcast/www.radio.rai.it/podcast/A46579221.mp3
Two Ewes Fiber Adventures: A Podcast about Knitting  Spinning  Weaving  Crochet  Dyeing-- All the Ways to Play with Yarn and Wool,http://is3.mzstatic.com/image/thumb/Music62/v4/cf/e1/90/cfe19059-a22b-f109-bc6b-fc0c33ea4a76/source/600x600bb.jpg,Kelly Locke,http://media.blubrry.com/italia_podcast/audio.radio24.it/radio24_audio/2017/171220-melog-s.mp3
Danger Dan's Talk Shop,http://is5.mzstatic.com/image/thumb/Music127/v4/e6/0b/65/e60b6578-c33e-a518-9b37-e2b07f52f269/source/600x600bb.jpg,Dan Hardick,https://media.blubrry.com/italia_podcast/media-audio.tccstatic.com/storage/album/real/408c0482b620d01187be5d85fb3c243a-12065-1513786011.mp3
Transform My Dance Studio – The Podcast For Dance Studio Owners,http://is4.mzstatic.com/image/thumb/Music71/v4/06/93/42/06934231-d6d9-8ab9-8bb5-28759c588a5e/source/600x600bb.jpg,Clint Salter,http://media.blubrry.com/italia_podcast/www.radio.rai.it/podcast/A46579253.mp3
Top 5 Comics Podcast,http://is3.mzstatic.com/image/thumb/Music128/v4/9b/86/ca/9b86ca87-eef3-ccf8-7666-6d17fa0a6f6f/source/600x600bb.jpg,Top 5 Comics Podcast,http://media.blubrry.com/italia_podcast/www.radio.rai.it/podcast/A46579243.mp3
Write Pack Radio,http://is4.mzstatic.com/image/thumb/Music62/v4/ad/cf/25/adcf2535-fd93-e654-3d0f-1a7246b93340/source/600x600bb.jpg,Write Pack Radio,https://media.blubrry.com/italia_podcast/media-audio.tccstatic.com/storage/album/real/a794a15ee172789102113fb4bd290182-48041-1513781254.mp3
Open Roll with Jurgen Rudolph - the weekly podcast for the Business Artist,http://is2.mzstatic.com/image/thumb/Music71/v4/ba/3e/91/ba3e918b-8dca-c6e8-7bae-6de9482e4f7d/source/600x600bb.jpg,Jurgen Rudolph,http://media.blubrry.com/italia_podcast/api.spreaker.com/download/episode/13635525/20_12_2017_dodicesimo_uomo.mp3
Off Stage and On The Air,http://is3.mzstatic.com/image/thumb/Music6/v4/c7/63/b7/c763b7aa-5bdc-5ab6-1956-3c0b11c323a9/source/600x600bb.jpg,Lisa Scheps,http://media.blubrry.com/italia_podcast/audio.radio24.it/radio24_audio/2017/171220-due-denari-s.mp3
On The Record,http://is4.mzstatic.com/image/thumb/Music62/v4/3f/d0/cb/3fd0cbe4-942b-25a4-fb96-3edf46391b03/source/600x600bb.jpg,Milwaukee Record,http://media.blubrry.com/italia_podcast/www.radio.rai.it/podcast/A46579228.mp3
Opera After Dark,http://is3.mzstatic.com/image/thumb/Music41/v4/7c/69/13/7c691374-e2be-abb1-32c6-36030970fd2b/source/600x600bb.jpg,Opera After Dark,http://media.blubrry.com/italia_podcast/www.radio.rai.it/podcast/A46579230.mp3
Neo Soul,http://is3.mzstatic.com/image/thumb/Music128/v4/d5/30/22/d530225c-70ba-cd0a-131a-de84cc20ba5b/source/600x600bb.jpg,Andre's Neo Soul,http://media.blubrry.com/italia_podcast/www.radio.rai.it/podcast/A46579173.mp3
Amateur Radio Newsline™,http://is2.mzstatic.com/image/thumb/Music111/v4/30/ac/7c/30ac7c0f-3b5e-4f4f-ea9d-15dcfe8867f5/source/600x600bb.jpg,Kevin Trotman,http://canonwired.com/sermons/TRC/502.mp3
Future Tech: Almost Here  Round-the-Corner Future Technology Podcast,http://is2.mzstatic.com/image/thumb/Music118/v4/78/74/d8/7874d860-5076-7ecd-d8ac-7f3775aafd4b/source/600x600bb.jpg,Richard Jacobs,http://canonwired.com/sermons/TRC/501.mp3
Podcasts – Heck Yeah Comics!,http://is2.mzstatic.com/image/thumb/Music71/v4/15/9e/65/159e65c9-b1a3-9b66-a26b-8814e9e285f6/source/600x600bb.jpg,Heck Yeah Comics,https://api.spreaker.com/download/episode/13635191/puntata2.mp3
Professional Book Nerds,http://is2.mzstatic.com/image/thumb/Music62/v4/f1/f4/7b/f1f47b60-50a1-3eb1-7948-65f78c70d1ad/source/600x600bb.jpg,OverDrive,http://audio.spokenlayer.com/v1-sfchronicle-business/2017/12/2f555611-383f-4530-ac0c-52a41c4dfb29/audio-2f555611-383f-4530-ac0c-52a41c4dfb29-encodings.mp3?date-voiced=2017-12-20T07%3A39%3A33-05%3A00&article-id=2f555611-383f-4530-ac0c-52a41c4dfb29&article-
Prince Street,http://is4.mzstatic.com/image/thumb/Music71/v4/c0/06/7e/c0067e72-1ee4-0b5b-67ad-a8945d1b04cc/source/600x600bb.jpg,Finch & Partners / Dean & DeLuca,http://omnystudio.com/d/clips/a7b0bd27-d748-4fbe-ab3b-a6fa0049bcf6/c8eeb529-bc42-480e-9621-a841014e7795/478922bd-a25c-4280-a619-a850003575c1/audio.mp3?utm_source=Podcast&in_playlist=1306dd0c-518a-4897-9b48-a841014e779e
Poem of the Day,http://is4.mzstatic.com/image/thumb/Music117/v4/b1/87/7d/b1877dae-c4f1-ee6c-8ad3-ce05858a9687/source/600x600bb.jpg,Poetry Foundation,http://feeds.soundcloud.com/stream/372150896-steel-toe-morning-show-steel-toe-morning-show-12-20-17.mp3
Power of Fishnets,http://is4.mzstatic.com/image/thumb/Music62/v4/bd/83/ac/bd83ac36-04d4-7fa3-774d-a3226fb8e1cc/source/600x600bb.jpg,Ryan Daly,https://dts.podtrac.com/redirect.mp3/kmbz.hosted.cx/hosting/media/kmbz/1641910/121419721.mp3
Visual+mente,http://is2.mzstatic.com/image/thumb/Music62/v4/13/91/47/13914776-e665-440a-29b9-b4f30332b3a6/source/600x600bb.jpg,Visual+mente,https://dts.podtrac.com/redirect.mp3/kmbz.hosted.cx/hosting/media/kmbz/1641910/121419722.mp3
Vinyl Emergency,http://is3.mzstatic.com/image/thumb/Music62/v4/59/20/ba/5920bace-5bb4-7cdd-a1c1-cd174f923a1b/source/600x600bb.jpg,Jim Hanke,https://dts.podtrac.com/redirect.mp3/kmbz.hosted.cx/hosting/media/kmbz/1641910/121419723.mp3
Philharmonia Orchestra Video Podcasts,http://is3.mzstatic.com/image/thumb/Music127/v4/f7/21/83/f72183bf-6565-5885-8cdc-45789d1a8825/source/600x600bb.jpg,Philharmonia Orchestra (podcast@philharmonia.co.uk),http://media.blubrry.com/italia_podcast/api.spreaker.com/download/episode/13635262/tg_sport_del_20122017_di_marco_da_udine.mp3
Yvette and Glen’s Anytime Podcast Show,http://is3.mzstatic.com/image/thumb/Music62/v4/13/e8/69/13e869ba-af69-af22-8869-872dc527c4d9/source/600x600bb.jpg,Audioboom,http://media.blubrry.com/italia_podcast/www.radio.rai.it/podcast/A46579227.mp3
Junkfood Cinema,http://is4.mzstatic.com/image/thumb/Music127/v4/cd/ae/65/cdae65da-9fe5-6232-1b32-9e4ad65085a5/source/600x600bb.jpg,Junkfood Cinema,http://media.blubrry.com/italia_podcast/api.spreaker.com/download/episode/13635251/tgrmeteo_fvg_del_20122017_di_marco_da_udine.mp3
Jay & Silent Bob Get Old,http://is5.mzstatic.com/image/thumb/Music71/v4/89/f3/c5/89f3c59a-9731-c1e7-5c05-29ad17cd4b28/source/600x600bb.jpg,SModcast Network,https://media.blubrry.com/italia_podcast/media-audio.tccstatic.com/storage/album/real/d5dfd142252a34bebf823b039688142a-66437-1513779197.mp3
JadedEye,http://is5.mzstatic.com/image/thumb/Music62/v4/ce/b1/af/ceb1afd5-b9f3-a5e6-5d3d-c88a51f3549a/source/600x600bb.jpg,Alex Dillon,http://media.blubrry.com/italia_podcast/www.radio.rai.it/podcast/A46579169.mp3
Mike & Carla Morning Show,http://is1.mzstatic.com/image/thumb/Music71/v4/0f/c8/33/0fc83346-b58f-ef54-127b-2c68ef755b02/source/600x600bb.jpg,96.3 KKLZ,http://media.blubrry.com/italia_podcast/api.spreaker.com/download/episode/13635201/20_12_2017_non_rassegna_moci_alla_stampa.mp3
90s Baby Show,http://is4.mzstatic.com/image/thumb/Music128/v4/af/08/dc/af08dc1c-a458-dea6-c04f-44d3ab19a48e/source/600x600bb.jpg,90s Baby Show,http://media.blubrry.com/italia_podcast/api.spreaker.com/download/episode/13635189/atalanta_sassuolo_coppa_italia.mp3
Yeah  No  Yeah,http://is3.mzstatic.com/image/thumb/Music71/v4/9c/1b/92/9c1b92f8-b5bd-64a7-c0ca-c544602f621d/source/600x600bb.jpg,Molly Kendrick,http://media.blubrry.com/italia_podcast/api.spreaker.com/download/episode/13635017/2017_12_20_sei_un_investitore_se.mp3
902 BrewCast,http://is1.mzstatic.com/image/thumb/Music111/v4/1b/e5/49/1be54934-dfb2-0b5c-c281-46c6091f8841/source/600x600bb.jpg,Kyle Andrus,https://media.blubrry.com/italia_podcast/media-audio.tccstatic.com/storage/album/real/8ee542f2399304966ccf6f2fa4137a71-01619-1513778275.mp3
Vital Vegas Podcast,http://is5.mzstatic.com/image/thumb/Music71/v4/42/d4/89/42d489b8-03c0-553b-99e8-7ad1b3930f21/source/600x600bb.jpg,Scott Roeben,http://media.blubrry.com/italia_podcast/www.radio.rai.it/podcast/A46566623.mp3
88.3 Southern FM » Podcast Feed,http://is3.mzstatic.com/image/thumb/Music71/v4/1c/18/08/1c1808f3-6930-9f0d-dda6-58d316a72cc1/source/600x600bb.jpg,Southern FM,https://mp3.sermonaudio.com/filearea/122017125003/122017125003.mp3
1883 DIARY PODcast!!,http://is2.mzstatic.com/image/thumb/Music91/v4/f6/b5/e2/f6b5e24a-e854-81e3-377f-8deaa4acb6e5/source/600x600bb.jpg,Landerson,https://mp3.sermonaudio.com/filearea/1220171240138/1220171240138.mp3
5280 Geek,http://is5.mzstatic.com/image/thumb/Music71/v4/f5/67/93/f56793c3-ae2a-50a7-fd34-1809c248aa31/source/600x600bb.jpg,Daniel Sharner,https://mp3.sermonaudio.com/filearea/1220171237277/1220171237277.mp3
GardenFork Radio - DIY  Gardening  Cooking  How to,http://is3.mzstatic.com/image/thumb/Music62/v4/55/63/aa/5563aadb-4f22-9aad-aaa8-cd4b8120b70e/source/600x600bb.jpg,Eric Rochow,https://mp3.sermonaudio.com/filearea/122017124129/122017124129.mp3
Verbal Assault,http://is4.mzstatic.com/image/thumb/Music62/v4/84/04/3b/84043b4e-c258-8abf-bc83-805578bf7a14/source/600x600bb.jpg,Verbal Assault,https://mp3.sermonaudio.com/filearea/1220171236116/1220171236116.mp3
◊ EMERALD-LANE,http://is4.mzstatic.com/image/thumb/Music49/v4/c1/ff/08/c1ff08af-3326-3a30-0e78-6931e7efe1cc/source/600x600bb.jpg,◊ EMERALD-LANE,https://mp3.sermonaudio.com/filearea/1220171241350/1220171241350.mp3
Gaming With The Moms,http://is3.mzstatic.com/image/thumb/Music71/v4/a6/2a/43/a62a432a-2f98-4c6e-2589-9c730eeba15f/source/600x600bb.jpg,Gaming With The Moms,https://mp3.sermonaudio.com/filearea/1220171241581/1220171241581.mp3
Geeks and Geeklets,http://is1.mzstatic.com/image/thumb/Music5/v4/65/f2/a4/65f2a4d4-5484-4f16-96db-d9a0a020bbb2/source/600x600bb.jpg,Geeks and Geeklets,https://mp3.sermonaudio.com/filearea/1220171233195/1220171233195.mp3
WhiskeyBoy Radio - Variety Podcast,http://is5.mzstatic.com/image/thumb/Music71/v4/79/d1/9a/79d19a2d-9dc4-3c93-d85e-eff1176824cd/source/600x600bb.jpg,WhiskeyBoy Radio,https://mp3.sermonaudio.com/filearea/1220171231394/1220171231394.mp3
Wheres My 40 Acres Podcast – Hip-Hop Podcast,http://is2.mzstatic.com/image/thumb/Music62/v4/bd/33/70/bd337002-0815-6952-0038-8cf917606fbe/source/600x600bb.jpg,Wheres My 40 Acres Podcast – Hip-Hop Podcast,https://mp3.sermonaudio.com/filearea/1220171228343/1220171228343.mp3
We Have to Ask,http://is4.mzstatic.com/image/thumb/Music18/v4/dc/28/fc/dc28fcbe-cafe-b28c-4279-b573583e3bdd/source/600x600bb.jpg,We Have to Ask,https://media.cinkciarz.pl/audio/Popoludniowy%20komentarz%20walutowy%20z%2020.12.2017%20Marcin%20Lipka%20Glowny%20analityk%20Cinkciarz.pl_podcast.mp3
Watching the Throne: A Lyrical Analysis of Kanye West,http://is5.mzstatic.com/image/thumb/Music71/v4/d0/fd/b4/d0fdb46f-7f40-a556-3415-5270e84f86cc/source/600x600bb.jpg,Travis Bean,http://traffic.libsyn.com/shannontranphd/027_-_How_to_Have_Fun_at_Work.mp3?dest-id=466826
Welcome To The Hellmouth,http://is3.mzstatic.com/image/thumb/Music62/v4/5b/b8/6f/5bb86fdf-b804-d843-1957-2731629435ff/source/600x600bb.jpg,Welcome To The Hellmouth,http://traffic.libsyn.com/shannontranphd/026_-_How_to_Have_a_Difficult_Conversation.mp3?dest-id=466826
What Was The Question Podcast,http://is5.mzstatic.com/image/thumb/Music128/v4/fb/4a/b0/fb4ab0ff-c8b7-249a-9f6b-929d54bced29/source/600x600bb.jpg,Faust and Tom,http://traffic.libsyn.com/shannontranphd/025_-_Why_Alignment_Accelerates_Your_Results.mp3?dest-id=466826
What Should We Draw,http://is4.mzstatic.com/image/thumb/Music128/v4/e7/b9/8e/e7b98e47-d489-9f27-d1e6-623375cc8bec/source/600x600bb.jpg,Nathan Yaffe and Caldwell Tanner,https://amsrr.streaming.mediaservices.windows.net/b32c26bd-acdf-481b-89ae-2b2646927fc0/bola_branca_18_15_1_pub113853c9.mp3
WAMTM - Philosophical Leopard,http://is1.mzstatic.com/image/thumb/Music62/v4/6d/53/eb/6d53eba9-2112-88a8-6f1e-55e7a12b6530/source/600x600bb.jpg,Robert Kibble,https://media.blubrry.com/italia_podcast/media-audio.tccstatic.com/storage/album/real/a7cc70427012436ad78e4001849df084-79215-1513778705.mp3
Terry for Breakfast - Triple M Albany 783,http://is3.mzstatic.com/image/thumb/Music111/v4/ae/42/3e/ae423e37-f2ba-029a-2245-9600a917eb97/source/600x600bb.jpg,Triple M Albany 783,http://media.blubrry.com/italia_podcast/www.radio.rai.it/podcast/A46579122.mp3
We Want The D,http://is4.mzstatic.com/image/thumb/Music122/v4/21/c3/bd/21c3bd22-9adf-c84f-6226-d64fc66bbc39/source/600x600bb.jpg,We Want The D,http://media.blubrry.com/italia_podcast/www.teladoiotokyo.net/teladoiotokyo_20122017.mp3
We Should Know Better,http://is5.mzstatic.com/image/thumb/Music71/v4/f8/a3/3e/f8a33e4e-bd23-ca5d-1aa2-bdb0e6b0f74b/source/600x600bb.jpg,Sky,https://media.blubrry.com/italia_podcast/media-audio.tccstatic.com/storage/album/real/4c2963d399db052305a6d1d99b0c9a8f-69340-1513775804.mp3
Witty Banter,http://is3.mzstatic.com/image/thumb/Music71/v4/b1/a7/81/b1a7814d-df4f-c7e2-a4c6-e9b3446f7004/source/600x600bb.jpg,Witty Banter,http://media.blubrry.com/italia_podcast/api.spreaker.com/download/episode/13555737/141e5_ponza_non_so_cosa_mettermi.mp3
Wine Before Nine,http://is4.mzstatic.com/image/thumb/Music62/v4/56/00/e0/5600e0fe-7100-9f8b-2510-d9e6c01125b4/source/600x600bb.jpg,Aminah Imani,https://media.blubrry.com/italia_podcast/media-audio.tccstatic.com/storage/album/real/4ffbef154598e7a2b4ced347cc17c065-91933-1513776721.mp3
Wine & YA,http://is2.mzstatic.com/image/thumb/Music71/v4/14/60/4d/14604d42-8ac4-512a-91d7-2d4841c50355/source/600x600bb.jpg,Christina Kelly,http://media.blubrry.com/italia_podcast/api.spreaker.com/download/episode/13634796/20_12_2017_vero_falso.mp3
Who Spiked The Puns?,http://is1.mzstatic.com/image/thumb/Music117/v4/a8/a2/57/a8a25714-29da-372d-4169-b380762e4412/source/600x600bb.jpg,Bradlee Jay,https://mp3.sermonaudio.com/filearea/122017155442/122017155442.mp3
Who Are These Podcasts?,http://is5.mzstatic.com/image/thumb/Music122/v4/ab/98/91/ab989144-7ac5-af03-747d-130b3a903fb2/source/600x600bb.jpg,WhoAreThese.com,https://mp3.sermonaudio.com/filearea/121817635533/121817635533.mp3
Who Charted?,http://is2.mzstatic.com/image/thumb/Music118/v4/ba/71/0d/ba710d51-a259-3e21-736d-759b067bdd22/source/600x600bb.jpg,Earwolf,https://mp3.sermonaudio.com/filearea/122017151465/122017151465.mp3
3 Up  3 Down with Troy Banning,http://is3.mzstatic.com/image/thumb/Music71/v4/e2/c4/16/e2c4167c-bf21-4c59-0717-703f086f4681/source/600x600bb.jpg,Troy Banning,https://mp3.sermonaudio.com/filearea/1220171317463/1220171317463.mp3
GeekDig Podcast,http://is5.mzstatic.com/image/thumb/Music3/v4/d5/ae/91/d5ae9146-5edb-fdb7-7c5b-52528a0005ae/source/600x600bb.jpg,Clint Thiele,https://mp3.sermonaudio.com/filearea/122017145424/122017145424.mp3
Epic Gaming Night Podcast | Board Games Table Top & Card Games,http://is5.mzstatic.com/image/thumb/Music71/v4/72/fe/03/72fe035d-ae45-b89d-9b71-71d90622a03a/source/600x600bb.jpg,Roy Cannaday,https://mp3.sermonaudio.com/filearea/1220171355285/1220171355285.mp3
Geek Out Of Water,http://is3.mzstatic.com/image/thumb/Music71/v4/ad/77/ab/ad77ab25-5e38-9d42-d9d2-22c91f64223e/source/600x600bb.jpg,Tincan Digital,https://mp3.sermonaudio.com/filearea/1220171446383/1220171446383.mp3
Full Court Press | For the Intellectually Curious NBA Fan | National Basketball Association Fans,http://is1.mzstatic.com/image/thumb/Music128/v4/25/55/3f/25553fa0-1b8e-90ef-fa61-3abba8594c45/source/600x600bb.jpg,Glen Willis,https://mp3.sermonaudio.com/filearea/1220171441251/1220171441251.mp3
Godsfall,http://is5.mzstatic.com/image/thumb/Music118/v4/3f/99/df/3f99dfd5-3aea-eaf2-3e37-c29d73cb8f70/source/600x600bb.jpg,Aram Vartian,https://mp3.sermonaudio.com/filearea/1220171440180/1220171440180.mp3
Talk'n Pops,http://is2.mzstatic.com/image/thumb/Music122/v4/78/9b/76/789b7673-e61f-c4b5-9a9a-440de37772de/source/600x600bb.jpg,Michael Jobe,https://mp3.sermonaudio.com/filearea/1220171437167/1220171437167.mp3
Go Back and Play,http://is2.mzstatic.com/image/thumb/Music71/v4/d7/ad/ef/d7adef3f-e94b-e05a-1ba2-ea9f8c3fb110/source/600x600bb.jpg,Nate E-K,http://www.blogtalkradio.com/skullkingfantasyfootball/2017/12/20/episode-141--fantasy-finals-waiver-wire-show.mp3
Games Untapped,http://is3.mzstatic.com/image/thumb/Music62/v4/04/20/8b/04208b8a-7f5b-1e09-db98-1fafb3358d47/source/600x600bb.jpg,Games Untapped,http://jt.ximalaya.com/wKgJUlo06CWxCGv1ABKF3dX5Aoc802.m4a?channel=rss&album_id=2822479&track_id=63546469&uid=15819092&jt=http://audio.xmcdn.com/group36/M0A/A0/EA/wKgJUlo06CWxCGv1ABKF3dX5Aoc802.m4a
Geek Culture Appreciation Team,http://is4.mzstatic.com/image/thumb/Music122/v4/84/b6/d8/84b6d8f5-5e43-fff4-3307-8c38f4b541a2/source/600x600bb.jpg,Geek Culture Appreciation Team,http://traffic.libsyn.com/musolistradio/Morning_Commute_wNick_422.mp3?dest-id=455625
Girl Tribe Gaming Podcast: Xbox and PS4 Video Game Reviews,http://is1.mzstatic.com/image/thumb/Music71/v4/18/a3/15/18a31559-b9c1-d333-12b0-37220ae1d098/source/600x600bb.jpg,Jen: Xbox MVP | Zen: Xbox One and PS4 Gamer,http://www.podtrac.com/pts/redirect.mp3/feeds.soundcloud.com/stream/372195515-atacinternational-d157-la-loi-de-la-foi-vous-libere.mp3
Giraffe Feels: A Retro Video Game Podcast,http://is2.mzstatic.com/image/thumb/Music71/v4/04/77/58/04775851-6035-d76a-109d-ff84c9e611eb/source/600x600bb.jpg,William Wend,http://download.sgr.globo.com/audios/encodeds/3/2017/12/20/146775_20171220.mp3
Elder Scrolls off the Record,http://is5.mzstatic.com/image/thumb/Music71/v4/ad/f1/68/adf1686d-63d8-d98e-63e9-7a3a10b7e717/source/600x600bb.jpg,The Quest Gaming Network,http://download.sgr.globo.com/audios/encodeds/3/2017/12/20/146773_20171220.mp3
Earth 919: A Comic Book Podcast,http://is1.mzstatic.com/image/thumb/Music82/v4/a0/e1/5d/a0e15d37-7bcd-b0f6-6e1e-e7d57a422d9e/source/600x600bb.jpg,Mat,http://download.sgr.globo.com/audios/encodeds/3/2017/12/20/146771_20171220.mp3
Everything Ham Radio Podcast,http://is2.mzstatic.com/image/thumb/Music127/v4/d3/e8/41/d3e8418a-3fff-1408-83f6-56b25d0b7b57/source/600x600bb.jpg,Curtis Mohr,http://download.sgr.globo.com/audios/encodeds/3/2017/12/20/146741_20171220.mp3
ESCAPE POD with David Anthony and Tony Brown,http://is1.mzstatic.com/image/thumb/Music127/v4/bf/2f/eb/bf2feb0f-4f1f-16ef-7cb9-7ba1e2084114/source/600x600bb.jpg,David Anthony,http://download.sgr.globo.com/audios/encodeds/3/2017/12/20/146739_20171220.mp3
It's All Mishegoss,http://is5.mzstatic.com/image/thumb/Music118/v4/df/dc/82/dfdc82ef-d06a-20c1-f1de-522d11a3fdde/source/600x600bb.jpg,Mark-John Clifford,https://prisa-es.mc.tritondigital.com/SER_LAS_PALMAS_2141/media/2017/12/20/ser_canarias_hora25canarias_20171220_192500_193000.mp3
Gamecentral Podcast,http://is1.mzstatic.com/image/thumb/Music3/v4/d4/39/87/d43987d6-ed58-ebcf-a024-0dac5e1bc77e/source/600x600bb.jpg,GameBanter,https://prisa-es.mc.tritondigital.com/SER_LAS_PALMAS_2141/media/2017/12/20/ser_canarias_laventanadecanarias_20171220_182000_184000.mp3
News KBS WORLD Radio (updated Mon thru Sat),http://is3.mzstatic.com/image/thumb/Music118/v4/21/d3/7c/21d37cd7-342c-babb-b9a5-966417ca71b6/source/600x600bb.jpg,KBS WORLD Radio,https://mp3.sermonaudio.com/filearea/991220171740340/991220171740340.mp3
Harmonia Early Music,http://is1.mzstatic.com/image/thumb/Music4/v4/01/26/b7/0126b724-5de5-a5d7-3184-208ff926077b/source/600x600bb.jpg,WFIU Public Media (wfiu.org),https://mp3.sermonaudio.com/filearea/991220171740330/991220171740330.mp3
